[{"model": "admin.logentry", "pk": 1, "fields": {"action_time": "2025-05-15T16:49:03.583Z", "user": 1, "content_type": 19, "object_id": "1", "object_repr": "Invitation for hesamsaeidi25800@gmail.com (Store: hamilton)", "action_flag": 1, "change_message": "[{\"added\": {}}]"}}, {"model": "admin.logentry", "pk": 2, "fields": {"action_time": "2025-05-15T16:50:10.159Z", "user": 1, "content_type": 19, "object_id": "1", "object_repr": "Invitation for hesamsaeidi25800@gmail.com (Store: hamilton)", "action_flag": 2, "change_message": "[]"}}, {"model": "admin.logentry", "pk": 3, "fields": {"action_time": "2025-05-15T16:50:37.949Z", "user": 1, "content_type": 19, "object_id": "1", "object_repr": "Invitation for hesamsaeidi25800@gmail.com (Store: hamilton)", "action_flag": 3, "change_message": ""}}, {"model": "admin.logentry", "pk": 4, "fields": {"action_time": "2025-05-15T16:51:00.545Z", "user": 1, "content_type": 16, "object_id": "1", "object_repr": "hesam", "action_flag": 1, "change_message": "[{\"added\": {}}]"}}, {"model": "admin.logentry", "pk": 5, "fields": {"action_time": "2025-05-15T16:53:58.697Z", "user": 1, "content_type": 19, "object_id": "2", "object_repr": "Invitation for hesamsaeidi25800@gmail.com (Store: hesamsaeidi)", "action_flag": 1, "change_message": "[{\"added\": {}}]"}}, {"model": "admin.logentry", "pk": 6, "fields": {"action_time": "2025-05-15T16:55:58.486Z", "user": 1, "content_type": 19, "object_id": "2", "object_repr": "Invitation for hesamsaeidi25800@gmail.com (Store: hesamsaeidi)", "action_flag": 2, "change_message": "[]"}}, {"model": "admin.logentry", "pk": 7, "fields": {"action_time": "2025-05-15T16:57:06.473Z", "user": 1, "content_type": 19, "object_id": "2", "object_repr": "Invitation for hesamsaeidi25800@gmail.com (Store: hesamsaeidi)", "action_flag": 2, "change_message": "[]"}}, {"model": "admin.logentry", "pk": 8, "fields": {"action_time": "2025-05-15T16:59:03.658Z", "user": 1, "content_type": 19, "object_id": "3", "object_repr": "Invitation for hesamsaeidi258000@gmail.com (Store: hesamoddinsaeediii)", "action_flag": 1, "change_message": "[{\"added\": {}}]"}}, {"model": "admin.logentry", "pk": 9, "fields": {"action_time": "2025-05-15T17:00:22.389Z", "user": 1, "content_type": 19, "object_id": "3", "object_repr": "Invitation for hesamsaeidi258000@gmail.com (Store: hesamoddinsaeediii)", "action_flag": 2, "change_message": "[]"}}, {"model": "admin.logentry", "pk": 10, "fields": {"action_time": "2025-05-15T17:01:03.079Z", "user": 1, "content_type": 19, "object_id": "4", "object_repr": "Invitation for dqwdqd@gmail.com (Store: wqdqwdqw)", "action_flag": 1, "change_message": "[{\"added\": {}}]"}}, {"model": "admin.logentry", "pk": 11, "fields": {"action_time": "2025-05-15T17:01:11.227Z", "user": 1, "content_type": 19, "object_id": "3", "object_repr": "Invitation for hesamsaeidi258000@gmail.com (Store: hesamoddinsaeediii)", "action_flag": 3, "change_message": ""}}, {"model": "admin.logentry", "pk": 12, "fields": {"action_time": "2025-05-15T17:01:18.496Z", "user": 1, "content_type": 16, "object_id": "1", "object_repr": "hesam", "action_flag": 3, "change_message": ""}}, {"model": "admin.logentry", "pk": 13, "fields": {"action_time": "2025-05-15T17:01:29.395Z", "user": 1, "content_type": 19, "object_id": "4", "object_repr": "Invitation for dqwdqd@gmail.com (Store: wqdqwdqw)", "action_flag": 3, "change_message": ""}}, {"model": "admin.logentry", "pk": 14, "fields": {"action_time": "2025-05-15T17:01:29.395Z", "user": 1, "content_type": 19, "object_id": "2", "object_repr": "Invitation for hesamsaeidi25800@gmail.com (Store: hesamsaeidi)", "action_flag": 3, "change_message": ""}}, {"model": "admin.logentry", "pk": 15, "fields": {"action_time": "2025-05-15T17:01:49.948Z", "user": 1, "content_type": 19, "object_id": "5", "object_repr": "Invitation for hesamsaeidi25800@gmail.com (Store: hesamoddin)", "action_flag": 1, "change_message": "[{\"added\": {}}]"}}, {"model": "admin.logentry", "pk": 16, "fields": {"action_time": "2025-05-15T17:02:16.742Z", "user": 1, "content_type": 19, "object_id": "5", "object_repr": "Invitation for hesamsaeidi25800@gmail.com (Store: hesamoddin)", "action_flag": 2, "change_message": "[{\"changed\": {\"fields\": [\"Email sent\"]}}]"}}, {"model": "admin.logentry", "pk": 17, "fields": {"action_time": "2025-05-15T17:03:47.994Z", "user": 1, "content_type": 19, "object_id": "6", "object_repr": "Invitation for hesamsaeidi258000@gmail.com (Store: hy)", "action_flag": 1, "change_message": "[{\"added\": {}}]"}}, {"model": "admin.logentry", "pk": 18, "fields": {"action_time": "2025-05-15T17:05:38.849Z", "user": 1, "content_type": 19, "object_id": "6", "object_repr": "Invitation for hesamsaeidi258000@gmail.com (Store: hy)", "action_flag": 3, "change_message": ""}}, {"model": "admin.logentry", "pk": 19, "fields": {"action_time": "2025-05-15T17:05:38.849Z", "user": 1, "content_type": 19, "object_id": "5", "object_repr": "Invitation for hesamsaeidi25800@gmail.com (Store: hesamoddin)", "action_flag": 3, "change_message": ""}}, {"model": "admin.logentry", "pk": 20, "fields": {"action_time": "2025-05-15T17:05:56.438Z", "user": 1, "content_type": 19, "object_id": "7", "object_repr": "Invitation for hesamsaeidi258000@gmail.com (Store: dwedwdw)", "action_flag": 1, "change_message": "[{\"added\": {}}]"}}, {"model": "admin.logentry", "pk": 21, "fields": {"action_time": "2025-05-15T17:07:17.724Z", "user": 1, "content_type": 19, "object_id": "8", "object_repr": "Invitation for hesamsaeidi25800@gmail.com (Store: hieqwejiowq)", "action_flag": 1, "change_message": "[{\"added\": {}}]"}}, {"model": "admin.logentry", "pk": 22, "fields": {"action_time": "2025-05-15T17:08:44.362Z", "user": 1, "content_type": 19, "object_id": "8", "object_repr": "Invitation for hesamsaeidi25800@gmail.com (Store: hieqwejiowq)", "action_flag": 3, "change_message": ""}}, {"model": "admin.logentry", "pk": 23, "fields": {"action_time": "2025-05-15T17:08:44.362Z", "user": 1, "content_type": 19, "object_id": "7", "object_repr": "Invitation for hesamsaeidi258000@gmail.com (Store: dwedwdw)", "action_flag": 3, "change_message": ""}}, {"model": "admin.logentry", "pk": 24, "fields": {"action_time": "2025-05-15T17:09:14.989Z", "user": 1, "content_type": 19, "object_id": "9", "object_repr": "Invitation for hesamsaeidi25800@gmail.com (Store: hesam)", "action_flag": 1, "change_message": "[{\"added\": {}}]"}}, {"model": "admin.logentry", "pk": 25, "fields": {"action_time": "2025-05-15T17:33:29.857Z", "user": 1, "content_type": 19, "object_id": "9", "object_repr": "Invitation for hesamsaeidi25800@gmail.com (Store: hesam)", "action_flag": 2, "change_message": "[{\"changed\": {\"fields\": [\"Owner first name\", \"Owner last name\"]}}]"}}, {"model": "admin.logentry", "pk": 26, "fields": {"action_time": "2025-05-15T17:35:11.122Z", "user": 1, "content_type": 19, "object_id": "9", "object_repr": "Invitation for hesamsaeidi25800@gmail.com (Store: hesamsssss)", "action_flag": 2, "change_message": "[{\"changed\": {\"fields\": [\"Store username\"]}}]"}}, {"model": "admin.logentry", "pk": 27, "fields": {"action_time": "2025-05-15T17:39:18.547Z", "user": 1, "content_type": 7, "object_id": "1", "object_repr": "ساعت", "action_flag": 1, "change_message": "[{\"added\": {}}, {\"added\": {\"name\": \"category attribute\", \"object\": \"\\u0633\\u0627\\u0639\\u062a - \\u0645\\u0648\\u0648\\u0645\\u0646\\u062a\"}}, {\"added\": {\"name\": \"category attribute\", \"object\": \"\\u0633\\u0627\\u0639\\u062a - \\u0631\\u0646\\u06af\"}}, {\"added\": {\"name\": \"category attribute\", \"object\": \"\\u0633\\u0627\\u0639\\u062a - \\u0633\\u0627\\u062e\\u062a\"}}, {\"added\": {\"name\": \"category attribute\", \"object\": \"\\u0633\\u0627\\u0639\\u062a - \\u0646\\u0648\\u0639 \\u0628\\u0646\\u062f\"}}]"}}, {"model": "admin.logentry", "pk": 28, "fields": {"action_time": "2025-05-15T17:39:44.797Z", "user": 1, "content_type": 13, "object_id": "1", "object_repr": "رنگ: استیل", "action_flag": 1, "change_message": "[{\"added\": {}}]"}}, {"model": "admin.logentry", "pk": 29, "fields": {"action_time": "2025-05-15T17:39:57.405Z", "user": 1, "content_type": 13, "object_id": "2", "object_repr": "ساخت: سوییس", "action_flag": 1, "change_message": "[{\"added\": {}}]"}}, {"model": "admin.logentry", "pk": 30, "fields": {"action_time": "2025-05-15T17:40:09.435Z", "user": 1, "content_type": 13, "object_id": "3", "object_repr": "موومنت: اتوماتیک", "action_flag": 1, "change_message": "[{\"added\": {}}]"}}, {"model": "admin.logentry", "pk": 31, "fields": {"action_time": "2025-05-15T17:40:18.006Z", "user": 1, "content_type": 13, "object_id": "4", "object_repr": "نوع بند: چرم", "action_flag": 1, "change_message": "[{\"added\": {}}]"}}, {"model": "admin.logentry", "pk": 32, "fields": {"action_time": "2025-05-16T19:08:59.230Z", "user": 1, "content_type": 16, "object_id": "2", "object_repr": "hesam", "action_flag": 2, "change_message": "[{\"changed\": {\"fields\": [\"Name\", \"Phone\", \"Address\"]}}]"}}, {"model": "admin.logentry", "pk": 33, "fields": {"action_time": "2025-05-16T21:07:57.223Z", "user": 1, "content_type": 9, "object_id": "2", "object_repr": "dwqdwq", "action_flag": 3, "change_message": ""}}, {"model": "admin.logentry", "pk": 34, "fields": {"action_time": "2025-05-17T07:23:27.160Z", "user": 1, "content_type": 9, "object_id": "5", "object_repr": "sadasdqw", "action_flag": 3, "change_message": ""}}, {"model": "admin.logentry", "pk": 35, "fields": {"action_time": "2025-05-17T08:01:18.278Z", "user": 1, "content_type": 12, "object_id": "1", "object_repr": "لیمیتدـادیشن", "action_flag": 1, "change_message": "[{\"added\": {}}]"}}, {"model": "admin.logentry", "pk": 36, "fields": {"action_time": "2025-05-17T10:08:13.036Z", "user": 1, "content_type": 9, "object_id": "11", "object_repr": "ewcwewce", "action_flag": 3, "change_message": ""}}, {"model": "admin.logentry", "pk": 37, "fields": {"action_time": "2025-05-17T10:08:13.036Z", "user": 1, "content_type": 9, "object_id": "10", "object_repr": "dwqwq", "action_flag": 3, "change_message": ""}}, {"model": "admin.logentry", "pk": 38, "fields": {"action_time": "2025-05-17T10:08:13.036Z", "user": 1, "content_type": 9, "object_id": "8", "object_repr": "qwdq", "action_flag": 3, "change_message": ""}}, {"model": "admin.logentry", "pk": 39, "fields": {"action_time": "2025-05-17T10:12:59.387Z", "user": 1, "content_type": 8, "object_id": "23", "object_repr": "ساعت - برند", "action_flag": 2, "change_message": "[]"}}, {"model": "admin.logentry", "pk": 40, "fields": {"action_time": "2025-05-18T07:16:13.324Z", "user": 1, "content_type": 9, "object_id": "15", "object_repr": "wqdwq", "action_flag": 3, "change_message": ""}}, {"model": "admin.logentry", "pk": 41, "fields": {"action_time": "2025-05-18T10:59:05.628Z", "user": 1, "content_type": 9, "object_id": "14", "object_repr": "wqdqw", "action_flag": 3, "change_message": ""}}, {"model": "admin.logentry", "pk": 42, "fields": {"action_time": "2025-05-19T18:07:37.776Z", "user": 1, "content_type": 9, "object_id": "1", "object_repr": "screenshot", "action_flag": 3, "change_message": ""}}, {"model": "admin.logentry", "pk": 43, "fields": {"action_time": "2025-05-19T18:27:47.012Z", "user": 1, "content_type": 9, "object_id": "9", "object_repr": "dwqdqw", "action_flag": 3, "change_message": ""}}, {"model": "admin.logentry", "pk": 44, "fields": {"action_time": "2025-05-19T18:30:01.345Z", "user": 1, "content_type": 9, "object_id": "7", "object_repr": "dwqdq", "action_flag": 3, "change_message": ""}}, {"model": "admin.logentry", "pk": 45, "fields": {"action_time": "2025-05-19T18:30:09.038Z", "user": 1, "content_type": 9, "object_id": "6", "object_repr": "21e21e21e", "action_flag": 3, "change_message": ""}}, {"model": "admin.logentry", "pk": 46, "fields": {"action_time": "2025-05-20T09:10:43.292Z", "user": 1, "content_type": 12, "object_id": "3", "object_repr": "فانتزی", "action_flag": 1, "change_message": "[{\"added\": {}}]"}}, {"model": "admin.logentry", "pk": 47, "fields": {"action_time": "2025-05-20T13:20:37.543Z", "user": 1, "content_type": 12, "object_id": "12", "object_repr": "moon watch", "action_flag": 1, "change_message": "[{\"added\": {}}]"}}, {"model": "admin.logentry", "pk": 48, "fields": {"action_time": "2025-05-20T15:02:17.946Z", "user": 1, "content_type": 12, "object_id": "13", "object_repr": "خلبانی", "action_flag": 1, "change_message": "[{\"added\": {}}]"}}, {"model": "admin.logentry", "pk": 49, "fields": {"action_time": "2025-05-24T07:47:32.439Z", "user": 1, "content_type": 15, "object_id": "6", "object_repr": "", "action_flag": 3, "change_message": ""}}, {"model": "admin.logentry", "pk": 50, "fields": {"action_time": "2025-05-24T07:47:55.584Z", "user": 1, "content_type": 15, "object_id": "3", "object_repr": "hesam", "action_flag": 3, "change_message": ""}}, {"model": "admin.logentry", "pk": 51, "fields": {"action_time": "2025-05-24T07:47:55.584Z", "user": 1, "content_type": 15, "object_id": "4", "object_repr": "hesamsssss", "action_flag": 3, "change_message": ""}}, {"model": "admin.logentry", "pk": 52, "fields": {"action_time": "2025-05-24T07:47:55.584Z", "user": 1, "content_type": 15, "object_id": "2", "object_repr": "s", "action_flag": 3, "change_message": ""}}, {"model": "admin.logentry", "pk": 53, "fields": {"action_time": "2025-05-24T08:43:53.964Z", "user": 1, "content_type": 15, "object_id": "5", "object_repr": "watchshop", "action_flag": 3, "change_message": ""}}, {"model": "sessions.session", "pk": "7dckj2t0jgn4u0y1abkmuzv5q1ozaquc", "fields": {"session_data": "e30:1uIhNK:xnpTWahWA0BF_nCDzJpleS9MheVeMK_FFd7X64kaqZQ", "expire_date": "2025-06-07T05:24:50.735Z"}}, {"model": "sessions.session", "pk": "f9reiemtagegqsoh0bjnvc90gpds1dse", "fields": {"session_data": ".eJxVjMEOwiAQRP-FsyFglgIevfsNZNkFqRpISnsy_nvbpId6m8x7M18RcJlLWHqawsjiJrS4nLuI9E51B_zC-mySWp2nMcpdkQft8tE4fe6H-3dQsJdtbQ2yGQjJook6kbkCqAEInUcCnU3OW_IM5DAq9jmDVlYlduyVBid-K_89OGc:1uFbk7:q6H0fFPOxv_c0Hom1E-NlTJbYy-2ucQkD0iVdwbHXbY", "expire_date": "2025-05-29T16:47:35.887Z"}}, {"model": "sessions.session", "pk": "njkfurnutlkhf0nxk6m5iy98lihs3v1y", "fields": {"session_data": ".eJxVjMEOwiAQRP-Fs2lgQaDe7I-Q7bIEYkMToSfjv9uaHvQ4b2beSwTceg5b42coUdyEEpdfNiM9uB4FLsuBByRat9qH7-as23DfE9deCHtZ63S-_lQZW949EWbPOmrU4HFWxjoAQ1KPJjpUNlrAa0KdwFNi7VhKlJGB7OhJWivF-wO4Xjwv:1uJF7S:UWROMc_uMDV38-xEBIcyiUJlW7jYh-hFRJr4TYEOmCE", "expire_date": "2025-06-08T17:26:42.740Z"}}, {"model": "sessions.session", "pk": "pclg24id2tdfy6j6uyawsoweuklzq19z", "fields": {"session_data": ".eJxVjMEOwiAQRP-FsyFglgIevfsNZNkFqRpISnsy_nvbpId6m8x7M18RcJlLWHqawsjiJrS4nLuI9E51B_zC-mySWp2nMcpdkQft8tE4fe6H-3dQsJdtbQ2yGQjJook6kbkCqAEInUcCnU3OW_IM5DAq9jmDVlYlduyVBid-K_89OGc:1uFkpr:LJfJEM97g4org53vWOEvwM-Nz2E2nW8rrurTWNcxg6A", "expire_date": "2025-05-30T02:30:07.118Z"}}, {"model": "sessions.session", "pk": "x8qiu5jnscnd0vbvr6g9jnatq0rv1sjs", "fields": {"session_data": "e30:1uIhNv:d7CE6WpnV5pVEbnGdhfvlOsDPwRXLZWwvnGA5gS75Rc", "expire_date": "2025-06-07T05:25:27.400Z"}}, {"model": "sites.site", "pk": 1, "fields": {"domain": "example.com", "name": "example.com"}}, {"model": "account.emailaddress", "pk": 2, "fields": {"user": 7, "email": "hesamsaeidi25800@gmail.com", "verified": true, "primary": true}}, {"model": "socialaccount.socialaccount", "pk": 2, "fields": {"user": 7, "provider": "google", "uid": "115144856709816178205", "last_login": "2025-05-24T08:45:37.888Z", "date_joined": "2025-05-24T08:45:37.888Z", "extra_data": {"iss": "https://accounts.google.com", "azp": "198960327448-1trt4eu43v6cn9852j09nljgtiauh5bo.apps.googleusercontent.com", "aud": "198960327448-1trt4eu43v6cn9852j09nljgtiauh5bo.apps.googleusercontent.com", "sub": "115144856709816178205", "email": "hesamsaeidi25800@gmail.com", "email_verified": true, "at_hash": "AdZhhZHZ2mnLfFCcjrnK2Q", "name": "Leo sa", "picture": "https://lh3.googleusercontent.com/a/ACg8ocK7eH_--ZvMWIgPL3McH61eU1Xzbj6OHdLJdPQdJC9oo60MWg=s96-c", "given_name": "Leo", "family_name": "sa", "iat": 1748076337, "exp": 1748079937}}}, {"model": "accounts.customer", "pk": 1, "fields": {"password": "pbkdf2_sha256$1000000$zaKw3qCPe9W75jyq9M6YSi$SaT6u/Fr+Rls+07qxzbkXlCCwnXHVTtpUeFe6WnEjgY=", "last_login": null, "is_superuser": false, "first_name": "hesam00", "last_name": ".", "is_staff": false, "is_active": true, "date_joined": "2025-05-24T07:13:48.424Z", "email": "hesam00@gmail.com", "phone_number": "09017903276", "address": "", "date_of_birth": "0998-01-14", "is_email_verified": false, "email_verification_token": "35adfd83-17be-4284-9277-37c60a659947", "email_verification_sent_at": "2025-05-24T07:13:48.543Z", "password_reset_token": null, "password_reset_sent_at": null, "created_at": "2025-05-24T07:13:48.539Z", "updated_at": "2025-05-24T07:13:48.543Z", "groups": [], "user_permissions": []}}, {"model": "accounts.customer", "pk": 2, "fields": {"password": "pbkdf2_sha256$1000000$UHWgwl05zi26q3y1xcz4PW$m4n8kftF/O9K461BxNLHEiMfIoWqCbGf9YLzuahDGrs=", "last_login": null, "is_superuser": false, "first_name": "hesam00", "last_name": ".", "is_staff": false, "is_active": true, "date_joined": "2025-05-24T07:14:22.379Z", "email": "hesam01@gmail.com", "phone_number": "09017903276", "address": "", "date_of_birth": "0998-01-14", "is_email_verified": false, "email_verification_token": "65646b82-0962-4e37-b56a-db413456df80", "email_verification_sent_at": "2025-05-24T07:14:22.483Z", "password_reset_token": null, "password_reset_sent_at": null, "created_at": "2025-05-24T07:14:22.482Z", "updated_at": "2025-05-24T07:14:22.483Z", "groups": [], "user_permissions": []}}, {"model": "accounts.customer", "pk": 3, "fields": {"password": "pbkdf2_sha256$1000000$azBcbTZOeJD0i2nd5iqqKG$c4E5dCW2GIy8RvFv78TUoRjooLDauDLml/0Uyz4BDR0=", "last_login": null, "is_superuser": false, "first_name": "hesam02", "last_name": ".", "is_staff": false, "is_active": true, "date_joined": "2025-05-24T07:15:51.813Z", "email": "hesam02@gmail.com", "phone_number": "09017903276", "address": "", "date_of_birth": "0998-01-14", "is_email_verified": false, "email_verification_token": "f1a7e722-6a02-4590-bdd5-ec08e64f4d42", "email_verification_sent_at": "2025-05-24T07:15:51.922Z", "password_reset_token": null, "password_reset_sent_at": null, "created_at": "2025-05-24T07:15:51.918Z", "updated_at": "2025-05-24T07:15:51.922Z", "groups": [], "user_permissions": []}}, {"model": "accounts.customer", "pk": 4, "fields": {"password": "pbkdf2_sha256$1000000$vb5Bk7mfGOwiX7k9dcGPa6$22GU3f/7cuOQzHaJExQbxyKhh1dYFmBzp5S8q6n4sZ4=", "last_login": null, "is_superuser": false, "first_name": "hesam03", "last_name": ".", "is_staff": false, "is_active": true, "date_joined": "2025-05-24T07:42:00.148Z", "email": "hesam03@gmail.com", "phone_number": "09017903276", "address": "", "date_of_birth": "0998-01-14", "is_email_verified": false, "email_verification_token": "d407bf03-95bc-4449-8944-0b6ab4ef368c", "email_verification_sent_at": "2025-05-24T07:42:00.251Z", "password_reset_token": null, "password_reset_sent_at": null, "created_at": "2025-05-24T07:42:00.250Z", "updated_at": "2025-05-24T07:42:00.251Z", "groups": [], "user_permissions": []}}, {"model": "suppliers.user", "pk": 1, "fields": {"password": "pbkdf2_sha256$1000000$lGMscAwA9qfwuVRkKvf11J$BJx7YRTl9Rb43NOlGmlDaBcYutb4viaa6Oy4MGc6Cno=", "last_login": "2025-05-25T17:26:42.739Z", "is_superuser": true, "username": "hesamoddinsaeedi", "first_name": "", "last_name": "", "email": "hesamsaeedi55@gmail.com", "is_staff": true, "is_active": true, "date_joined": "2025-05-15T16:45:40.131Z", "is_supplier": false, "phone_number": "", "address": "", "password_reset_token": null, "password_reset_sent_at": null, "groups": [], "user_permissions": []}}, {"model": "suppliers.user", "pk": 7, "fields": {"password": "!zeyK0Bk3SzwAIr9xsQaQnzsk8qI6LPkOEFMDk8rF", "last_login": "2025-05-24T08:45:37.893Z", "is_superuser": false, "username": "", "first_name": "Leo", "last_name": "sa", "email": "hesamsaeidi25800@gmail.com", "is_staff": false, "is_active": true, "date_joined": "2025-05-24T08:45:37.858Z", "is_supplier": false, "phone_number": "", "address": "", "password_reset_token": null, "password_reset_sent_at": null, "groups": [], "user_permissions": []}}, {"model": "suppliers.supplierinvitation", "pk": 9, "fields": {"email": "hesamsaeidi25800@gmail.com", "store_username": "hesamsssss", "supplier": null, "token": "QNVmGiYmYuvUTt8oXehkjlqQYTYNj64A", "created_at": "2025-05-15T17:09:12.250Z", "expires_at": "2025-05-17T17:09:12Z", "is_used": false, "email_sent": true, "status": "pending", "store_name": null, "owner_first_name": "hesam", "owner_last_name": "saeedi", "phone_number": null, "address": ""}}, {"model": "shop.category", "pk": 1, "fields": {"name": "ساعت", "parent": null}}, {"model": "shop.category", "pk": 2, "fields": {"name": "کتاب", "parent": null}}, {"model": "shop.category", "pk": 3, "fields": {"name": "لباس", "parent": null}}, {"model": "shop.tag", "pk": 1, "fields": {"name": "لیمیتدـادیشن", "slug": "لیمیتدـادیشن", "categories": [1, 2]}}, {"model": "shop.tag", "pk": 2, "fields": {"name": "جیمز باند", "slug": "james-bond", "categories": [1]}}, {"model": "shop.tag", "pk": 3, "fields": {"name": "فانتزی", "slug": "Fantasy", "categories": [1, 2]}}, {"model": "shop.tag", "pk": 4, "fields": {"name": "پارتی", "slug": "part", "categories": []}}, {"model": "shop.tag", "pk": 5, "fields": {"name": "Your Tag Name", "slug": "your-tag-name", "categories": []}}, {"model": "shop.tag", "pk": 6, "fields": {"name": "Unique Tag Name", "slug": "unique-tag-name", "categories": []}}, {"model": "shop.tag", "pk": 7, "fields": {"name": "Your New Tag", "slug": "your-new-tag", "categories": []}}, {"model": "shop.tag", "pk": 8, "fields": {"name": "New Tag Name", "slug": "new-tag-name", "categories": [1]}}, {"model": "shop.tag", "pk": 9, "fields": {"name": "جوکر", "slug": "جوکر", "categories": [1]}}, {"model": "shop.tag", "pk": 10, "fields": {"name": "جوکر جدید", "slug": "joker-new", "categories": [1]}}, {"model": "shop.tag", "pk": 11, "fields": {"name": "جوکریصتض", "slug": "joker-qwdjkqd", "categories": [1]}}, {"model": "shop.tag", "pk": 12, "fields": {"name": "moon watch", "slug": "moon-watch", "categories": [1]}}, {"model": "shop.tag", "pk": 13, "fields": {"name": "خلبانی", "slug": "pilot", "categories": [1]}}, {"model": "shop.categoryattribute", "pk": 1, "fields": {"category": 1, "key": "موومنت", "type": "multiselect", "required": false, "display_order": 0}}, {"model": "shop.categoryattribute", "pk": 2, "fields": {"category": 1, "key": "رنگ", "type": "multiselect", "required": false, "display_order": 0}}, {"model": "shop.categoryattribute", "pk": 3, "fields": {"category": 1, "key": "ساخت", "type": "text", "required": false, "display_order": 0}}, {"model": "shop.categoryattribute", "pk": 4, "fields": {"category": 1, "key": "نوع بند", "type": "multiselect", "required": false, "display_order": 0}}, {"model": "shop.categoryattribute", "pk": 5, "fields": {"category": 1, "key": "نوع حرکت", "type": "multi", "required": true, "display_order": 0}}, {"model": "shop.categoryattribute", "pk": 6, "fields": {"category": 1, "key": "نوع نمایش", "type": "multiselect", "required": false, "display_order": 0}}, {"model": "shop.categoryattribute", "pk": 7, "fields": {"category": 1, "key": "جنس قاب", "type": "multiselect", "required": false, "display_order": 0}}, {"model": "shop.categoryattribute", "pk": 8, "fields": {"category": 1, "key": "رنگ قاب", "type": "multiselect", "required": false, "display_order": 0}}, {"model": "shop.categoryattribute", "pk": 9, "fields": {"category": 1, "key": "اندازه قاب (میلی‌متر)", "type": "number", "required": false, "display_order": 0}}, {"model": "shop.categoryattribute", "pk": 10, "fields": {"category": 1, "key": "ضخامت قاب", "type": "multiselect", "required": false, "display_order": 0}}, {"model": "shop.categoryattribute", "pk": 11, "fields": {"category": 1, "key": "مقاومت در برابر آب", "type": "multiselect", "required": false, "display_order": 0}}, {"model": "shop.categoryattribute", "pk": 12, "fields": {"category": 1, "key": "نوع بزل", "type": "multiselect", "required": false, "display_order": 0}}, {"model": "shop.categoryattribute", "pk": 13, "fields": {"category": 1, "key": "رنگ صفحه", "type": "multiselect", "required": false, "display_order": 0}}, {"model": "shop.categoryattribute", "pk": 14, "fields": {"category": 1, "key": "نشانگرهای صفحه", "type": "multiselect", "required": false, "display_order": 0}}, {"model": "shop.categoryattribute", "pk": 15, "fields": {"category": 1, "key": "جنس شیشه", "type": "multiselect", "required": false, "display_order": 0}}, {"model": "shop.categoryattribute", "pk": 16, "fields": {"category": 1, "key": "رنگ بند", "type": "multiselect", "required": false, "display_order": 0}}, {"model": "shop.categoryattribute", "pk": 17, "fields": {"category": 1, "key": "عرض بند (میلی‌متر)", "type": "number", "required": false, "display_order": 0}}, {"model": "shop.categoryattribute", "pk": 18, "fields": {"category": 1, "key": "بند قابل تعویض", "type": "boolean", "required": false, "display_order": 0}}, {"model": "shop.categoryattribute", "pk": 19, "fields": {"category": 1, "key": "ویژگی‌ها / کمپلیکیشن‌ها", "type": "multiselect", "required": false, "display_order": 0}}, {"model": "shop.categoryattribute", "pk": 20, "fields": {"category": 1, "key": "سبک ساعت", "type": "multiselect", "required": false, "display_order": 0}}, {"model": "shop.categoryattribute", "pk": 21, "fields": {"category": 1, "key": "مخاطب هدف", "type": "multiselect", "required": false, "display_order": 0}}, {"model": "shop.categoryattribute", "pk": 22, "fields": {"category": 1, "key": "بازه قیمت", "type": "multiselect", "required": false, "display_order": 0}}, {"model": "shop.categoryattribute", "pk": 23, "fields": {"category": 1, "key": "برند", "type": "text", "required": true, "display_order": 0}}, {"model": "shop.categoryattribute", "pk": 24, "fields": {"category": 1, "key": "شماره مدل", "type": "text", "required": false, "display_order": 0}}, {"model": "shop.categoryattribute", "pk": 25, "fields": {"category": 1, "key": "سال عرضه", "type": "number", "required": false, "display_order": 0}}, {"model": "shop.categoryattribute", "pk": 26, "fields": {"category": 1, "key": "جعبه و مدارک", "type": "multiselect", "required": false, "display_order": 0}}, {"model": "shop.categoryattribute", "pk": 27, "fields": {"category": 1, "key": "وضعیت", "type": "multiselect", "required": false, "display_order": 0}}, {"model": "shop.categoryattribute", "pk": 28, "fields": {"category": 2, "key": "نویسنده", "type": "text", "required": true, "display_order": 0}}, {"model": "shop.categoryattribute", "pk": 29, "fields": {"category": 2, "key": "ناشر", "type": "text", "required": true, "display_order": 0}}, {"model": "shop.categoryattribute", "pk": 30, "fields": {"category": 2, "key": "سال انتشار", "type": "number", "required": true, "display_order": 0}}, {"model": "shop.categoryattribute", "pk": 31, "fields": {"category": 2, "key": "شابک", "type": "text", "required": true, "display_order": 0}}, {"model": "shop.categoryattribute", "pk": 32, "fields": {"category": 2, "key": "تعداد صفحات", "type": "number", "required": true, "display_order": 0}}, {"model": "shop.categoryattribute", "pk": 33, "fields": {"category": 2, "key": "زبان", "type": "select", "required": true, "display_order": 0}}, {"model": "shop.categoryattribute", "pk": 34, "fields": {"category": 2, "key": "قطع", "type": "select", "required": true, "display_order": 0}}, {"model": "shop.categoryattribute", "pk": 35, "fields": {"category": 2, "key": "نوع جلد", "type": "select", "required": true, "display_order": 0}}, {"model": "shop.categoryattribute", "pk": 36, "fields": {"category": 2, "key": "موضوع", "type": "multiselect", "required": true, "display_order": 0}}, {"model": "shop.categoryattribute", "pk": 37, "fields": {"category": 2, "key": "گروه سنی", "type": "select", "required": true, "display_order": 0}}, {"model": "shop.categoryattribute", "pk": 38, "fields": {"category": 2, "key": "نوع کتاب", "type": "select", "required": true, "display_order": 0}}, {"model": "shop.categoryattribute", "pk": 39, "fields": {"category": 2, "key": "وضعیت کتاب", "type": "select", "required": true, "display_order": 0}}, {"model": "shop.attributevalue", "pk": 1, "fields": {"attribute": 2, "value": "استیل", "display_order": 0}}, {"model": "shop.attributevalue", "pk": 2, "fields": {"attribute": 3, "value": "سوییس", "display_order": 0}}, {"model": "shop.attributevalue", "pk": 3, "fields": {"attribute": 1, "value": "اتوماتیک", "display_order": 0}}, {"model": "shop.attributevalue", "pk": 4, "fields": {"attribute": 4, "value": "چرم", "display_order": 0}}, {"model": "shop.attributevalue", "pk": 5, "fields": {"attribute": 5, "value": "مکانیکی", "display_order": 0}}, {"model": "shop.attributevalue", "pk": 6, "fields": {"attribute": 5, "value": "اتوماتیک", "display_order": 1}}, {"model": "shop.attributevalue", "pk": 7, "fields": {"attribute": 5, "value": "کوارتز", "display_order": 2}}, {"model": "shop.attributevalue", "pk": 8, "fields": {"attribute": 5, "value": "خورشیدی", "display_order": 3}}, {"model": "shop.attributevalue", "pk": 9, "fields": {"attribute": 5, "value": "کینتیک", "display_order": 4}}, {"model": "shop.attributevalue", "pk": 10, "fields": {"attribute": 5, "value": "ساعت هوشمند", "display_order": 5}}, {"model": "shop.attributevalue", "pk": 11, "fields": {"attribute": 5, "value": "هیبرید", "display_order": 6}}, {"model": "shop.attributevalue", "pk": 12, "fields": {"attribute": 5, "value": "اسپرینگ درایو", "display_order": 7}}, {"model": "shop.attributevalue", "pk": 13, "fields": {"attribute": 6, "value": "آنالوگ", "display_order": 0}}, {"model": "shop.attributevalue", "pk": 14, "fields": {"attribute": 6, "value": "دیجیتال", "display_order": 1}}, {"model": "shop.attributevalue", "pk": 15, "fields": {"attribute": 6, "value": "آنالوگ-دیجیتال", "display_order": 2}}, {"model": "shop.attributevalue", "pk": 16, "fields": {"attribute": 6, "value": "صفحه لمسی", "display_order": 3}}, {"model": "shop.attributevalue", "pk": 17, "fields": {"attribute": 7, "value": "استیل ضدزنگ", "display_order": 0}}, {"model": "shop.attributevalue", "pk": 18, "fields": {"attribute": 7, "value": "تیتانیوم", "display_order": 1}}, {"model": "shop.attributevalue", "pk": 19, "fields": {"attribute": 7, "value": "سرامیک", "display_order": 2}}, {"model": "shop.attributevalue", "pk": 20, "fields": {"attribute": 7, "value": "فیبر کربن", "display_order": 3}}, {"model": "shop.attributevalue", "pk": 21, "fields": {"attribute": 7, "value": "طلا", "display_order": 4}}, {"model": "shop.attributevalue", "pk": 22, "fields": {"attribute": 7, "value": "نقره", "display_order": 5}}, {"model": "shop.attributevalue", "pk": 23, "fields": {"attribute": 7, "value": "پلاستیک", "display_order": 6}}, {"model": "shop.attributevalue", "pk": 24, "fields": {"attribute": 7, "value": "برنز", "display_order": 7}}, {"model": "shop.attributevalue", "pk": 25, "fields": {"attribute": 7, "value": "پلاتین", "display_order": 8}}, {"model": "shop.attributevalue", "pk": 26, "fields": {"attribute": 8, "value": "نقره‌ای", "display_order": 0}}, {"model": "shop.attributevalue", "pk": 27, "fields": {"attribute": 8, "value": "مشکی", "display_order": 1}}, {"model": "shop.attributevalue", "pk": 28, "fields": {"attribute": 8, "value": "طلایی", "display_order": 2}}, {"model": "shop.attributevalue", "pk": 29, "fields": {"attribute": 8, "value": "رزگلد", "display_order": 3}}, {"model": "shop.attributevalue", "pk": 30, "fields": {"attribute": 8, "value": "آبی", "display_order": 4}}, {"model": "shop.attributevalue", "pk": 31, "fields": {"attribute": 8, "value": "سبز", "display_order": 5}}, {"model": "shop.attributevalue", "pk": 32, "fields": {"attribute": 8, "value": "خاکستری", "display_order": 6}}, {"model": "shop.attributevalue", "pk": 33, "fields": {"attribute": 8, "value": "سفید", "display_order": 7}}, {"model": "shop.attributevalue", "pk": 34, "fields": {"attribute": 8, "value": "دودرنگ", "display_order": 8}}, {"model": "shop.attributevalue", "pk": 35, "fields": {"attribute": 8, "value": "سفارشی", "display_order": 9}}, {"model": "shop.attributevalue", "pk": 36, "fields": {"attribute": 10, "value": "باریک (کمتر از ۸ میلی‌متر)", "display_order": 0}}, {"model": "shop.attributevalue", "pk": 37, "fields": {"attribute": 10, "value": "استاندارد (۸–۱۲ میلی‌متر)", "display_order": 1}}, {"model": "shop.attributevalue", "pk": 38, "fields": {"attribute": 10, "value": "ضخیم (بیش از ۱۲ میلی‌متر)", "display_order": 2}}, {"model": "shop.attributevalue", "pk": 39, "fields": {"attribute": 11, "value": "ندارد", "display_order": 0}}, {"model": "shop.attributevalue", "pk": 40, "fields": {"attribute": 11, "value": "۳۰ متر (۳ اتمسفر)", "display_order": 1}}, {"model": "shop.attributevalue", "pk": 41, "fields": {"attribute": 11, "value": "۵۰ متر (۵ اتمسفر)", "display_order": 2}}, {"model": "shop.attributevalue", "pk": 42, "fields": {"attribute": 11, "value": "۱۰۰ متر (۱۰ اتمسفر)", "display_order": 3}}, {"model": "shop.attributevalue", "pk": 43, "fields": {"attribute": 11, "value": "۲۰۰ متر (۲۰ اتمسفر)", "display_order": 4}}, {"model": "shop.attributevalue", "pk": 44, "fields": {"attribute": 11, "value": "۳۰۰ متر به‌بالا (۳۰ اتمسفر+)", "display_order": 5}}, {"model": "shop.attributevalue", "pk": 45, "fields": {"attribute": 12, "value": "ثابت", "display_order": 0}}, {"model": "shop.attributevalue", "pk": 46, "fields": {"attribute": 12, "value": "چرخان-یکطرفه", "display_order": 1}}, {"model": "shop.attributevalue", "pk": 47, "fields": {"attribute": 12, "value": "چرخان-دوطرفه", "display_order": 2}}, {"model": "shop.attributevalue", "pk": 48, "fields": {"attribute": 12, "value": "تاشیمتر", "display_order": 3}}, {"model": "shop.attributevalue", "pk": 49, "fields": {"attribute": 12, "value": "GMT", "display_order": 4}}, {"model": "shop.attributevalue", "pk": 50, "fields": {"attribute": 12, "value": "اسلاید رول", "display_order": 5}}, {"model": "shop.attributevalue", "pk": 51, "fields": {"attribute": 13, "value": "مشکی", "display_order": 0}}, {"model": "shop.attributevalue", "pk": 52, "fields": {"attribute": 13, "value": "سفید", "display_order": 1}}, {"model": "shop.attributevalue", "pk": 53, "fields": {"attribute": 13, "value": "آبی", "display_order": 2}}, {"model": "shop.attributevalue", "pk": 54, "fields": {"attribute": 13, "value": "سبز", "display_order": 3}}, {"model": "shop.attributevalue", "pk": 55, "fields": {"attribute": 13, "value": "نقره‌ای", "display_order": 4}}, {"model": "shop.attributevalue", "pk": 56, "fields": {"attribute": 13, "value": "طلایی", "display_order": 5}}, {"model": "shop.attributevalue", "pk": 57, "fields": {"attribute": 13, "value": "خاکستری", "display_order": 6}}, {"model": "shop.attributevalue", "pk": 58, "fields": {"attribute": 13, "value": "قهوه‌ای", "display_order": 7}}, {"model": "shop.attributevalue", "pk": 59, "fields": {"attribute": 13, "value": "اسکلتون", "display_order": 8}}, {"model": "shop.attributevalue", "pk": 60, "fields": {"attribute": 13, "value": "مادر مروارید", "display_order": 9}}, {"model": "shop.attributevalue", "pk": 61, "fields": {"attribute": 13, "value": "چندرنگ", "display_order": 10}}, {"model": "shop.attributevalue", "pk": 62, "fields": {"attribute": 14, "value": "اعداد عربی", "display_order": 0}}, {"model": "shop.attributevalue", "pk": 63, "fields": {"attribute": 14, "value": "اعداد رومی", "display_order": 1}}, {"model": "shop.attributevalue", "pk": 64, "fields": {"attribute": 14, "value": "شاخص (باتون)", "display_order": 2}}, {"model": "shop.attributevalue", "pk": 65, "fields": {"attribute": 14, "value": "نقطه‌ای", "display_order": 3}}, {"model": "shop.attributevalue", "pk": 66, "fields": {"attribute": 14, "value": "الماس", "display_order": 4}}, {"model": "shop.attributevalue", "pk": 67, "fields": {"attribute": 14, "value": "بدون نشانگر", "display_order": 5}}, {"model": "shop.attributevalue", "pk": 68, "fields": {"attribute": 14, "value": "ترکیبی", "display_order": 6}}, {"model": "shop.attributevalue", "pk": 69, "fields": {"attribute": 15, "value": "معدنی", "display_order": 0}}, {"model": "shop.attributevalue", "pk": 70, "fields": {"attribute": 15, "value": "یاقوت کبود (سفایر)", "display_order": 1}}, {"model": "shop.attributevalue", "pk": 71, "fields": {"attribute": 15, "value": "اکریلیک", "display_order": 2}}, {"model": "shop.attributevalue", "pk": 72, "fields": {"attribute": 15, "value": "گوریلا گلس", "display_order": 3}}, {"model": "shop.attributevalue", "pk": 73, "fields": {"attribute": 15, "value": "هاردلِکس", "display_order": 4}}, {"model": "shop.attributevalue", "pk": 74, "fields": {"attribute": 4, "value": "چرمی", "display_order": 0}}, {"model": "shop.attributevalue", "pk": 75, "fields": {"attribute": 4, "value": "استیل ضدزنگ", "display_order": 1}}, {"model": "shop.attributevalue", "pk": 76, "fields": {"attribute": 4, "value": "توری (میلانس)", "display_order": 2}}, {"model": "shop.attributevalue", "pk": 77, "fields": {"attribute": 4, "value": "نایلون (ناتو)", "display_order": 3}}, {"model": "shop.attributevalue", "pk": 78, "fields": {"attribute": 4, "value": "رابر/سیلیکون", "display_order": 4}}, {"model": "shop.attributevalue", "pk": 79, "fields": {"attribute": 4, "value": "سرامیکی", "display_order": 5}}, {"model": "shop.attributevalue", "pk": 80, "fields": {"attribute": 4, "value": "پارچه‌ای", "display_order": 6}}, {"model": "shop.attributevalue", "pk": 81, "fields": {"attribute": 4, "value": "طلایی", "display_order": 7}}, {"model": "shop.attributevalue", "pk": 82, "fields": {"attribute": 4, "value": "یکپارچه (برای ساعت هوشمند)", "display_order": 8}}, {"model": "shop.attributevalue", "pk": 83, "fields": {"attribute": 16, "value": "مشکی", "display_order": 0}}, {"model": "shop.attributevalue", "pk": 84, "fields": {"attribute": 16, "value": "قهوه‌ای", "display_order": 1}}, {"model": "shop.attributevalue", "pk": 85, "fields": {"attribute": 16, "value": "آبی", "display_order": 2}}, {"model": "shop.attributevalue", "pk": 86, "fields": {"attribute": 16, "value": "نقره‌ای", "display_order": 3}}, {"model": "shop.attributevalue", "pk": 87, "fields": {"attribute": 16, "value": "طلایی", "display_order": 4}}, {"model": "shop.attributevalue", "pk": 88, "fields": {"attribute": 16, "value": "سبز", "display_order": 5}}, {"model": "shop.attributevalue", "pk": 89, "fields": {"attribute": 16, "value": "قرمز", "display_order": 6}}, {"model": "shop.attributevalue", "pk": 90, "fields": {"attribute": 16, "value": "سفید", "display_order": 7}}, {"model": "shop.attributevalue", "pk": 91, "fields": {"attribute": 16, "value": "رزگلد", "display_order": 8}}, {"model": "shop.attributevalue", "pk": 92, "fields": {"attribute": 16, "value": "سفارشی", "display_order": 9}}, {"model": "shop.attributevalue", "pk": 93, "fields": {"attribute": 19, "value": "تاریخ", "display_order": 0}}, {"model": "shop.attributevalue", "pk": 94, "fields": {"attribute": 19, "value": "روز و تاریخ", "display_order": 1}}, {"model": "shop.attributevalue", "pk": 95, "fields": {"attribute": 19, "value": "کرونوگراف", "display_order": 2}}, {"model": "shop.attributevalue", "pk": 96, "fields": {"attribute": 19, "value": "فاز ماه", "display_order": 3}}, {"model": "shop.attributevalue", "pk": 97, "fields": {"attribute": 19, "value": "GMT", "display_order": 4}}, {"model": "shop.attributevalue", "pk": 98, "fields": {"attribute": 19, "value": "آلارم", "display_order": 5}}, {"model": "shop.attributevalue", "pk": 99, "fields": {"attribute": 19, "value": "نشانگر ذخیره قدرت", "display_order": 6}}, {"model": "shop.attributevalue", "pk": 100, "fields": {"attribute": 19, "value": "توربیلون", "display_order": 7}}, {"model": "shop.attributevalue", "pk": 101, "fields": {"attribute": 19, "value": "تقویم دائمی", "display_order": 8}}, {"model": "shop.attributevalue", "pk": 102, "fields": {"attribute": 19, "value": "تقویم سالانه", "display_order": 9}}, {"model": "shop.attributevalue", "pk": 103, "fields": {"attribute": 19, "value": "تاشیمتر", "display_order": 10}}, {"model": "shop.attributevalue", "pk": 104, "fields": {"attribute": 19, "value": "اسکلتون ویو", "display_order": 11}}, {"model": "shop.attributevalue", "pk": 105, "fields": {"attribute": 19, "value": "اوپن هارت", "display_order": 12}}, {"model": "shop.attributevalue", "pk": 106, "fields": {"attribute": 19, "value": "بلوتوث", "display_order": 13}}, {"model": "shop.attributevalue", "pk": 107, "fields": {"attribute": 19, "value": "اندازه‌گیری ضربان قلب", "display_order": 14}}, {"model": "shop.attributevalue", "pk": 108, "fields": {"attribute": 19, "value": "GPS", "display_order": 15}}, {"model": "shop.attributevalue", "pk": 109, "fields": {"attribute": 20, "value": "دِرس", "display_order": 0}}, {"model": "shop.attributevalue", "pk": 110, "fields": {"attribute": 20, "value": "غواصی", "display_order": 1}}, {"model": "shop.attributevalue", "pk": 111, "fields": {"attribute": 20, "value": "خلبانی", "display_order": 2}}, {"model": "shop.attributevalue", "pk": 112, "fields": {"attribute": 20, "value": "میدانی (نظامی)", "display_order": 3}}, {"model": "shop.attributevalue", "pk": 113, "fields": {"attribute": 20, "value": "کرونوگراف", "display_order": 4}}, {"model": "shop.attributevalue", "pk": 114, "fields": {"attribute": 20, "value": "ساعت هوشمند", "display_order": 5}}, {"model": "shop.attributevalue", "pk": 115, "fields": {"attribute": 20, "value": "فشن/دیزاینر", "display_order": 6}}, {"model": "shop.attributevalue", "pk": 116, "fields": {"attribute": 20, "value": "لوکس", "display_order": 7}}, {"model": "shop.attributevalue", "pk": 117, "fields": {"attribute": 20, "value": "مینیمال", "display_order": 8}}, {"model": "shop.attributevalue", "pk": 118, "fields": {"attribute": 20, "value": "روزمره", "display_order": 9}}, {"model": "shop.attributevalue", "pk": 119, "fields": {"attribute": 20, "value": "اسپرت", "display_order": 10}}, {"model": "shop.attributevalue", "pk": 120, "fields": {"attribute": 20, "value": "وینتیج", "display_order": 11}}, {"model": "shop.attributevalue", "pk": 121, "fields": {"attribute": 20, "value": "ساعت جیبی", "display_order": 12}}, {"model": "shop.attributevalue", "pk": 122, "fields": {"attribute": 20, "value": "اسکلتون", "display_order": 13}}, {"model": "shop.attributevalue", "pk": 123, "fields": {"attribute": 21, "value": "مردانه", "display_order": 0}}, {"model": "shop.attributevalue", "pk": 124, "fields": {"attribute": 21, "value": "زنانه", "display_order": 1}}, {"model": "shop.attributevalue", "pk": 125, "fields": {"attribute": 21, "value": "یونیسکس", "display_order": 2}}, {"model": "shop.attributevalue", "pk": 126, "fields": {"attribute": 21, "value": "کودکان", "display_order": 3}}, {"model": "shop.attributevalue", "pk": 127, "fields": {"attribute": 22, "value": "زیر ۱۰۰ دلار", "display_order": 0}}, {"model": "shop.attributevalue", "pk": 128, "fields": {"attribute": 22, "value": "۱۰۰ تا ۵۰۰ دلار", "display_order": 1}}, {"model": "shop.attributevalue", "pk": 129, "fields": {"attribute": 22, "value": "۵۰۰ تا ۱۰۰۰ دلار", "display_order": 2}}, {"model": "shop.attributevalue", "pk": 130, "fields": {"attribute": 22, "value": "۱۰۰۰ تا ۵۰۰۰ دلار", "display_order": 3}}, {"model": "shop.attributevalue", "pk": 131, "fields": {"attribute": 22, "value": "بالای ۵۰۰۰ دلار", "display_order": 4}}, {"model": "shop.attributevalue", "pk": 132, "fields": {"attribute": 26, "value": "ست کامل", "display_order": 0}}, {"model": "shop.attributevalue", "pk": 133, "fields": {"attribute": 26, "value": "فقط جعبه", "display_order": 1}}, {"model": "shop.attributevalue", "pk": 134, "fields": {"attribute": 26, "value": "فقط مدارک", "display_order": 2}}, {"model": "shop.attributevalue", "pk": 135, "fields": {"attribute": 26, "value": "ندارد", "display_order": 3}}, {"model": "shop.attributevalue", "pk": 136, "fields": {"attribute": 27, "value": "نو", "display_order": 0}}, {"model": "shop.attributevalue", "pk": 137, "fields": {"attribute": 27, "value": "در حد نو", "display_order": 1}}, {"model": "shop.attributevalue", "pk": 138, "fields": {"attribute": 27, "value": "دست دوم", "display_order": 2}}, {"model": "shop.attributevalue", "pk": 139, "fields": {"attribute": 27, "value": "بازسازی شده", "display_order": 3}}, {"model": "shop.attributevalue", "pk": 140, "fields": {"attribute": 27, "value": "وینتیج", "display_order": 4}}, {"model": "shop.attributevalue", "pk": 141, "fields": {"attribute": 33, "value": "فارسی", "display_order": 0}}, {"model": "shop.attributevalue", "pk": 142, "fields": {"attribute": 33, "value": "انگلیسی", "display_order": 0}}, {"model": "shop.attributevalue", "pk": 143, "fields": {"attribute": 33, "value": "عربی", "display_order": 0}}, {"model": "shop.attributevalue", "pk": 144, "fields": {"attribute": 33, "value": "فرانسوی", "display_order": 0}}, {"model": "shop.attributevalue", "pk": 145, "fields": {"attribute": 33, "value": "آلمانی", "display_order": 0}}, {"model": "shop.attributevalue", "pk": 146, "fields": {"attribute": 33, "value": "اسپانیایی", "display_order": 0}}, {"model": "shop.attributevalue", "pk": 147, "fields": {"attribute": 33, "value": "روسی", "display_order": 0}}, {"model": "shop.attributevalue", "pk": 148, "fields": {"attribute": 33, "value": "چینی", "display_order": 0}}, {"model": "shop.attributevalue", "pk": 149, "fields": {"attribute": 33, "value": "ژاپنی", "display_order": 0}}, {"model": "shop.attributevalue", "pk": 150, "fields": {"attribute": 33, "value": "کره‌ای", "display_order": 0}}, {"model": "shop.attributevalue", "pk": 151, "fields": {"attribute": 34, "value": "رقعی", "display_order": 0}}, {"model": "shop.attributevalue", "pk": 152, "fields": {"attribute": 34, "value": "وزیری", "display_order": 0}}, {"model": "shop.attributevalue", "pk": 153, "fields": {"attribute": 34, "value": "رحلی", "display_order": 0}}, {"model": "shop.attributevalue", "pk": 154, "fields": {"attribute": 34, "value": "خشتی", "display_order": 0}}, {"model": "shop.attributevalue", "pk": 155, "fields": {"attribute": 34, "value": "جیبی", "display_order": 0}}, {"model": "shop.attributevalue", "pk": 156, "fields": {"attribute": 34, "value": "پالتویی", "display_order": 0}}, {"model": "shop.attributevalue", "pk": 157, "fields": {"attribute": 34, "value": "سلطانی", "display_order": 0}}, {"model": "shop.attributevalue", "pk": 158, "fields": {"attribute": 34, "value": "بیاضی", "display_order": 0}}, {"model": "shop.attributevalue", "pk": 159, "fields": {"attribute": 35, "value": "شومیز", "display_order": 0}}, {"model": "shop.attributevalue", "pk": 160, "fields": {"attribute": 35, "value": "گالینگور", "display_order": 0}}, {"model": "shop.attributevalue", "pk": 161, "fields": {"attribute": 35, "value": "سخت", "display_order": 0}}, {"model": "shop.attributevalue", "pk": 162, "fields": {"attribute": 35, "value": "چرمی", "display_order": 0}}, {"model": "shop.attributevalue", "pk": 163, "fields": {"attribute": 35, "value": "مقوایی", "display_order": 0}}, {"model": "shop.attributevalue", "pk": 164, "fields": {"attribute": 36, "value": "ادبیات", "display_order": 0}}, {"model": "shop.attributevalue", "pk": 165, "fields": {"attribute": 36, "value": "تاریخ", "display_order": 0}}, {"model": "shop.attributevalue", "pk": 166, "fields": {"attribute": 36, "value": "فلسفه", "display_order": 0}}, {"model": "shop.attributevalue", "pk": 167, "fields": {"attribute": 36, "value": "روانشناسی", "display_order": 0}}, {"model": "shop.attributevalue", "pk": 168, "fields": {"attribute": 36, "value": "علوم اجتماعی", "display_order": 0}}, {"model": "shop.attributevalue", "pk": 169, "fields": {"attribute": 36, "value": "اقتصاد", "display_order": 0}}, {"model": "shop.attributevalue", "pk": 170, "fields": {"attribute": 36, "value": "مدیریت", "display_order": 0}}, {"model": "shop.attributevalue", "pk": 171, "fields": {"attribute": 36, "value": "هنر", "display_order": 0}}, {"model": "shop.attributevalue", "pk": 172, "fields": {"attribute": 36, "value": "موسیقی", "display_order": 0}}, {"model": "shop.attributevalue", "pk": 173, "fields": {"attribute": 36, "value": "سینما", "display_order": 0}}, {"model": "shop.attributevalue", "pk": 174, "fields": {"attribute": 36, "value": "ورزش", "display_order": 0}}, {"model": "shop.attributevalue", "pk": 175, "fields": {"attribute": 36, "value": "کامپیوتر", "display_order": 0}}, {"model": "shop.attributevalue", "pk": 176, "fields": {"attribute": 36, "value": "علوم پایه", "display_order": 0}}, {"model": "shop.attributevalue", "pk": 177, "fields": {"attribute": 36, "value": "مهندسی", "display_order": 0}}, {"model": "shop.attributevalue", "pk": 178, "fields": {"attribute": 36, "value": "پزشکی", "display_order": 0}}, {"model": "shop.attributevalue", "pk": 179, "fields": {"attribute": 36, "value": "دین", "display_order": 0}}, {"model": "shop.attributevalue", "pk": 180, "fields": {"attribute": 36, "value": "عرفان", "display_order": 0}}, {"model": "shop.attributevalue", "pk": 181, "fields": {"attribute": 36, "value": "کودک و نوجوان", "display_order": 0}}, {"model": "shop.attributevalue", "pk": 182, "fields": {"attribute": 36, "value": "آموزشی", "display_order": 0}}, {"model": "shop.attributevalue", "pk": 183, "fields": {"attribute": 36, "value": "داستان", "display_order": 0}}, {"model": "shop.attributevalue", "pk": 184, "fields": {"attribute": 36, "value": "شعر", "display_order": 0}}, {"model": "shop.attributevalue", "pk": 185, "fields": {"attribute": 36, "value": "زبان", "display_order": 0}}, {"model": "shop.attributevalue", "pk": 186, "fields": {"attribute": 36, "value": "سفرنامه", "display_order": 0}}, {"model": "shop.attributevalue", "pk": 187, "fields": {"attribute": 36, "value": "خاطرات", "display_order": 0}}, {"model": "shop.attributevalue", "pk": 188, "fields": {"attribute": 36, "value": "زندگینامه", "display_order": 0}}, {"model": "shop.attributevalue", "pk": 189, "fields": {"attribute": 37, "value": "خردسال", "display_order": 0}}, {"model": "shop.attributevalue", "pk": 190, "fields": {"attribute": 37, "value": "کودک", "display_order": 0}}, {"model": "shop.attributevalue", "pk": 191, "fields": {"attribute": 37, "value": "نوجوان", "display_order": 0}}, {"model": "shop.attributevalue", "pk": 192, "fields": {"attribute": 37, "value": "جوان", "display_order": 0}}, {"model": "shop.attributevalue", "pk": 193, "fields": {"attribute": 37, "value": "بزرگسال", "display_order": 0}}, {"model": "shop.attributevalue", "pk": 194, "fields": {"attribute": 37, "value": "همه سنین", "display_order": 0}}, {"model": "shop.attributevalue", "pk": 195, "fields": {"attribute": 38, "value": "چاپی", "display_order": 0}}, {"model": "shop.attributevalue", "pk": 196, "fields": {"attribute": 38, "value": "الکترونیکی", "display_order": 0}}, {"model": "shop.attributevalue", "pk": 197, "fields": {"attribute": 38, "value": "صوتی", "display_order": 0}}, {"model": "shop.attributevalue", "pk": 198, "fields": {"attribute": 39, "value": "نو", "display_order": 0}}, {"model": "shop.attributevalue", "pk": 199, "fields": {"attribute": 39, "value": "دست دوم", "display_order": 0}}, {"model": "shop.attributevalue", "pk": 200, "fields": {"attribute": 39, "value": "نایاب", "display_order": 0}}, {"model": "shop.product", "pk": 20, "fields": {"name": "Murph", "price_toman": "12", "price_usd": "112.00", "price": "12.00", "price_currency": "TOMAN", "description": "مپضصینمصضپی", "category": 1, "supplier": null, "is_active": true, "created_at": "2025-05-20T15:06:46.677Z", "brand": "Hamilton", "brand_image": "", "model": "", "sku": "", "weight": null, "dimensions": "", "warranty": "", "stock_quantity": 1, "tags": []}}, {"model": "shop.product", "pk": 21, "fields": {"name": "jhkln", "price_toman": "12", "price_usd": "12.00", "price": "12.00", "price_currency": "TOMAN", "description": "klmklefw", "category": 1, "supplier": null, "is_active": true, "created_at": "2025-05-21T03:13:05.684Z", "brand": "m", "brand_image": "", "model": "", "sku": "", "weight": null, "dimensions": "", "warranty": "", "stock_quantity": 12, "tags": []}}, {"model": "shop.product", "pk": 22, "fields": {"name": "knj", "price_toman": "332", "price_usd": "23.00", "price": "332.00", "price_currency": "TOMAN", "description": "", "category": 1, "supplier": null, "is_active": true, "created_at": "2025-05-21T03:28:23.923Z", "brand": "kj", "brand_image": "", "model": "", "sku": "", "weight": null, "dimensions": "", "warranty": "", "stock_quantity": 23, "tags": []}}, {"model": "shop.product", "pk": 23, "fields": {"name": "d2d23", "price_toman": "3", "price_usd": "23.00", "price": "3.00", "price_currency": "TOMAN", "description": "", "category": 1, "supplier": null, "is_active": true, "created_at": "2025-05-21T03:45:34.511Z", "brand": "d", "brand_image": "", "model": "", "sku": "", "weight": null, "dimensions": "", "warranty": "", "stock_quantity": 2, "tags": [13]}}, {"model": "shop.product", "pk": 24, "fields": {"name": "wqdqwd", "price_toman": "1331", "price_usd": "1331.00", "price": "1331.00", "price_currency": "TOMAN", "description": "wqdwqdwq", "category": 1, "supplier": null, "is_active": true, "created_at": "2025-05-23T05:38:09.823Z", "brand": "wow", "brand_image": "", "model": "", "sku": "", "weight": null, "dimensions": "", "warranty": "", "stock_quantity": 1331, "tags": [8]}}, {"model": "shop.product", "pk": 25, "fields": {"name": "dwqqw", "price_toman": "13", "price_usd": "13.00", "price": "13.00", "price_currency": "TOMAN", "description": "dwq", "category": 1, "supplier": null, "is_active": true, "created_at": "2025-05-23T05:39:54.753Z", "brand": "wqdqwd", "brand_image": "", "model": "", "sku": "", "weight": null, "dimensions": "", "warranty": "", "stock_quantity": 13, "tags": []}}, {"model": "shop.product", "pk": 26, "fields": {"name": "dwqdqwdw", "price_toman": "13", "price_usd": "13.00", "price": "13.00", "price_currency": "TOMAN", "description": "", "category": 1, "supplier": null, "is_active": true, "created_at": "2025-05-23T06:22:24.641Z", "brand": "wd", "brand_image": "", "model": "", "sku": "", "weight": null, "dimensions": "", "warranty": "", "stock_quantity": 13, "tags": [9]}}, {"model": "shop.product", "pk": 27, "fields": {"name": "f332f", "price_toman": "2424", "price_usd": "2424.00", "price": "2424.00", "price_currency": "TOMAN", "description": "", "category": 1, "supplier": null, "is_active": true, "created_at": "2025-05-23T06:24:36.252Z", "brand": "f3f3f", "brand_image": "", "model": "", "sku": "", "weight": null, "dimensions": "", "warranty": "", "stock_quantity": 2424, "tags": [9]}}, {"model": "shop.product", "pk": 28, "fields": {"name": "ضصیصضیضص", "price_toman": "31", "price_usd": "13.00", "price": "31.00", "price_currency": "TOMAN", "description": "", "category": 1, "supplier": null, "is_active": true, "created_at": "2025-05-23T06:25:35.147Z", "brand": "یصضیضص", "brand_image": "", "model": "", "sku": "", "weight": null, "dimensions": "", "warranty": "", "stock_quantity": 13, "tags": [9]}}, {"model": "shop.product", "pk": 29, "fields": {"name": "dwqdq", "price_toman": "31313", "price_usd": "3113.00", "price": "31313.00", "price_currency": "TOMAN", "description": "", "category": 1, "supplier": null, "is_active": true, "created_at": "2025-05-23T06:29:36.114Z", "brand": "wqdwqd", "brand_image": "", "model": "", "sku": "", "weight": null, "dimensions": "", "warranty": "", "stock_quantity": 1313, "tags": [8]}}, {"model": "shop.product", "pk": 30, "fields": {"name": "dwqwq", "price_toman": "243", "price_usd": "24.00", "price": "243.00", "price_currency": "TOMAN", "description": "", "category": 1, "supplier": null, "is_active": true, "created_at": "2025-05-23T06:33:43.819Z", "brand": "few", "brand_image": "", "model": "", "sku": "", "weight": null, "dimensions": "", "warranty": "", "stock_quantity": 24, "tags": [1]}}, {"model": "shop.product", "pk": 31, "fields": {"name": "wew", "price_toman": "13", "price_usd": "13.00", "price": "13.00", "price_currency": "TOMAN", "description": "", "category": 1, "supplier": null, "is_active": true, "created_at": "2025-05-23T06:34:25.887Z", "brand": "وشرون کنستانتین", "brand_image": "", "model": "", "sku": "", "weight": null, "dimensions": "", "warranty": "", "stock_quantity": 13, "tags": [8]}}, {"model": "shop.product", "pk": 32, "fields": {"name": "ساعت وشرون کنستانتین", "price_toman": "13", "price_usd": "13.00", "price": "13.00", "price_currency": "TOMAN", "description": "یک ساعت فوق خفن یک ساعت فوق خفنیک ساعت فوق خفنیک ساعت فوق خفنیک ساعت فوق خفنیک ساعت فوق خفنیک ساعت فوق خفنیک ساعت فوق خفنیک ساعت فوق خفنیک ساعت فوق خفنیک ساعت فوق خفنیک ساعت فوق خفنیک ساعت فوق خفنیک ساعت فوق خفنیک ساعت فوق خفن", "category": 1, "supplier": null, "is_active": true, "created_at": "2025-05-23T06:35:36.716Z", "brand": "Vacheron Constantin", "brand_image": "brand_images/Vacheron_Constantin_logo.svg.png", "model": "", "sku": "", "weight": null, "dimensions": "", "warranty": "", "stock_quantity": 13, "tags": [3, 9]}}, {"model": "shop.productattribute", "pk": 79, "fields": {"product": 20, "key": "اندازه قاب (میلی‌متر)", "value": "38"}}, {"model": "shop.productattribute", "pk": 80, "fields": {"product": 20, "key": "بازه قیمت", "value": "۵۰۰ تا ۱۰۰۰ دلار"}}, {"model": "shop.productattribute", "pk": 81, "fields": {"product": 20, "key": "برند", "value": "Hamilton"}}, {"model": "shop.productattribute", "pk": 82, "fields": {"product": 20, "key": "بند قابل تعویض", "value": "on"}}, {"model": "shop.productattribute", "pk": 83, "fields": {"product": 20, "key": "جعبه و مدارک", "value": "ست کامل"}}, {"model": "shop.productattribute", "pk": 84, "fields": {"product": 20, "key": "نوع حرکت", "value": "اتوماتیک"}}, {"model": "shop.productattribute", "pk": 85, "fields": {"product": 21, "key": "برند", "value": "m"}}, {"model": "shop.productattribute", "pk": 86, "fields": {"product": 21, "key": "نوع حرکت", "value": "lm"}}, {"model": "shop.productattribute", "pk": 87, "fields": {"product": 22, "key": "برند", "value": "kj"}}, {"model": "shop.productattribute", "pk": 88, "fields": {"product": 22, "key": "نوع حرکت", "value": "lj"}}, {"model": "shop.productattribute", "pk": 89, "fields": {"product": 23, "key": "برند", "value": "d"}}, {"model": "shop.productattribute", "pk": 90, "fields": {"product": 23, "key": "نوع حرکت", "value": "d"}}, {"model": "shop.productattribute", "pk": 91, "fields": {"product": 24, "key": "اندازه قاب (میلی‌متر)", "value": "13"}}, {"model": "shop.productattribute", "pk": 92, "fields": {"product": 24, "key": "برند", "value": "wow"}}, {"model": "shop.productattribute", "pk": 93, "fields": {"product": 24, "key": "نوع حرکت", "value": "dwqdqw"}}, {"model": "shop.productattribute", "pk": 94, "fields": {"product": 25, "key": "برند", "value": "wqdqwd"}}, {"model": "shop.productattribute", "pk": 95, "fields": {"product": 25, "key": "نوع حرکت", "value": "qdwq"}}, {"model": "shop.productattribute", "pk": 96, "fields": {"product": 26, "key": "برند", "value": "wd"}}, {"model": "shop.productattribute", "pk": 97, "fields": {"product": 26, "key": "نوع حرکت", "value": "dw"}}, {"model": "shop.productattribute", "pk": 98, "fields": {"product": 27, "key": "برند", "value": "f3f3f"}}, {"model": "shop.productattribute", "pk": 99, "fields": {"product": 27, "key": "نوع حرکت", "value": "f3f3"}}, {"model": "shop.productattribute", "pk": 100, "fields": {"product": 28, "key": "برند", "value": "یصضیضص"}}, {"model": "shop.productattribute", "pk": 101, "fields": {"product": 28, "key": "نوع حرکت", "value": "wdwqdqw"}}, {"model": "shop.productattribute", "pk": 102, "fields": {"product": 29, "key": "برند", "value": "wqdwqd"}}, {"model": "shop.productattribute", "pk": 103, "fields": {"product": 29, "key": "نوع حرکت", "value": "dwqdwq"}}, {"model": "shop.productattribute", "pk": 104, "fields": {"product": 30, "key": "برند", "value": "few"}}, {"model": "shop.productattribute", "pk": 105, "fields": {"product": 30, "key": "نوع حرکت", "value": "efwwef"}}, {"model": "shop.productattribute", "pk": 106, "fields": {"product": 31, "key": "برند", "value": "وشرون کنستانتین"}}, {"model": "shop.productattribute", "pk": 107, "fields": {"product": 31, "key": "نوع حرکت", "value": "wqewq"}}, {"model": "shop.productattribute", "pk": 108, "fields": {"product": 32, "key": "برند", "value": "Vacheron Constantin"}}, {"model": "shop.productattribute", "pk": 109, "fields": {"product": 32, "key": "نوع حرکت", "value": "wqdq"}}, {"model": "shop.productattribute", "pk": 112, "fields": {"product": 32, "key": "بازه قیمت", "value": "بالای ۵۰۰۰ دلار"}}, {"model": "shop.productimage", "pk": 19, "fields": {"product": 20, "image": "product_images/Hamilton-Khaki-Field-Murph-38mm-Group-Shot.webp", "is_primary": true, "order": 1, "created_at": "2025-05-20T15:06:46.798Z", "image_hash": "9ba80a1bf10c742b3caa5c8da1e9a37a546b32cccb4c24b0bd05bda50553441f"}}, {"model": "shop.productimage", "pk": 20, "fields": {"product": 21, "image": "product_images/image-3.webp", "is_primary": true, "order": 1, "created_at": "2025-05-21T03:13:05.935Z", "image_hash": "7aa6b5ac8aa5a002bf6a14d9fb768999731d5c33a3bd2477576c116d89dbf71e"}}, {"model": "shop.productimage", "pk": 21, "fields": {"product": 21, "image": "product_images/w-h70405730.png.avif", "is_primary": false, "order": 2, "created_at": "2025-05-21T03:13:05.938Z", "image_hash": "585ff533ae0d56c91f5ffc1533c74febe67914825c79913ad285aa41b8b7ac90"}}, {"model": "shop.productimage", "pk": 22, "fields": {"product": 21, "image": "product_images/Hamilton-Khaki-Field-Murph-38mm-Group-Shot_DvMAXOw.webp", "is_primary": false, "order": 3, "created_at": "2025-05-21T03:13:06.063Z", "image_hash": "43928dc9884f88859cd9098349fb310ecf75d8302242824bb363415aa00c1123"}}, {"model": "shop.productimage", "pk": 23, "fields": {"product": 21, "image": "product_images/HAMILTON-14-scaled-e1669066486534.jpg.webp", "is_primary": false, "order": 4, "created_at": "2025-05-21T03:13:06.065Z", "image_hash": "4b0aea4e5b2640af6450b45b0122072b27275caa0d7d5d0eda4f4731b7d97bbe"}}, {"model": "shop.productimage", "pk": 24, "fields": {"product": 21, "image": "product_images/h70405730_1_1.png.webp", "is_primary": false, "order": 5, "created_at": "2025-05-21T03:13:06.066Z", "image_hash": "d363ef9fc261e28bf4875aae9bd21c6a25363ab372a766164b7d4d1ef2158577"}}, {"model": "shop.productimage", "pk": 25, "fields": {"product": 22, "image": "product_images/cd_ye_kanye-west-partynextdoor_1_0005_upscayl_4x_digital-art-4x.webp", "is_primary": true, "order": 2, "created_at": "2025-05-21T03:28:24.170Z", "image_hash": "0ab17378508c60d5a397518900f9a3df95ce1899205776a762bb861c9ba7eded"}}, {"model": "shop.productimage", "pk": 26, "fields": {"product": 22, "image": "product_images/mbid-b5da5099-fe54-4b76-981f-762070093a61-30366658812.webp", "is_primary": false, "order": 1, "created_at": "2025-05-21T03:28:24.499Z", "image_hash": "d41e18ea2352f4511fa7c57546b9fb2a7ff7725d87137f535140ea89acb14611"}}, {"model": "shop.productimage", "pk": 27, "fields": {"product": 22, "image": "product_images/mbid-b5da5099-fe54-4b76-981f-762070093a61-30366663884.webp", "is_primary": false, "order": 3, "created_at": "2025-05-21T03:28:24.811Z", "image_hash": "e825c5352935c174d92a85df9f5bb62099c933678d76ef072ea1577f4e212b4f"}}, {"model": "shop.productimage", "pk": 28, "fields": {"product": 22, "image": "product_images/mbid-b5da5099-fe54-4b76-981f-762070093a61-30366657872.webp", "is_primary": false, "order": 4, "created_at": "2025-05-21T03:28:25.289Z", "image_hash": "035fc6915da46da046bef0ab4c45d119ae75d4851775ff25f9ab24582e913070"}}, {"model": "shop.productimage", "pk": 29, "fields": {"product": 23, "image": "product_images/Hamilton-Khaki-Field-Murph-38mm-Group-Shot.webp", "is_primary": true, "order": 1, "created_at": "2025-05-21T03:45:34.686Z", "image_hash": "43928dc9884f88859cd9098349fb310ecf75d8302242824bb363415aa00c1123"}}, {"model": "shop.productimage", "pk": 30, "fields": {"product": 24, "image": "product_images/cd_ye_kanye-west-partynextdoor_0_0002.webp", "is_primary": true, "order": 1, "created_at": "2025-05-23T05:38:10.011Z", "image_hash": "0275a6c83703845c4548326b5e089d9a43cbf028c1bd5859839ea4b842b3ce00"}}, {"model": "shop.productimage", "pk": 31, "fields": {"product": 25, "image": "product_images/IMG_6367.HEIC", "is_primary": true, "order": 1, "created_at": "2025-05-23T05:39:54.763Z", "image_hash": "63eba1b6d26499fb041f9f89b8ec0a7e9bcc7f844192687f34d9cafaed8b1b73"}}, {"model": "shop.productimage", "pk": 32, "fields": {"product": 26, "image": "product_images/mbid-7a85cc75-65f6-4dfd-a9ef-22d880462de6-41378392852.webp", "is_primary": true, "order": 1, "created_at": "2025-05-23T06:22:24.806Z", "image_hash": "f8b91f291c12a2f020f9223f96adf256a48a36938862bf2e2759c554b3e32be0"}}, {"model": "shop.productimage", "pk": 33, "fields": {"product": 27, "image": "product_images/R-26500499-1679440983-9540_upscayl_4x_remacri-4x.webp", "is_primary": true, "order": 1, "created_at": "2025-05-23T06:24:36.571Z", "image_hash": "8b6665b56a4740a92cad375383b6560042cd3fca315e2f95a082d98b49e25b57"}}, {"model": "shop.productimage", "pk": 34, "fields": {"product": 28, "image": "product_images/R-12685408-1655706281-6618.jpg.webp", "is_primary": true, "order": 1, "created_at": "2025-05-23T06:25:35.154Z", "image_hash": "5d9b93481bc310bcf7fe2da0c91fc3ab9a5204f5e963f48676285791d8061e81"}}, {"model": "shop.productimage", "pk": 35, "fields": {"product": 29, "image": "product_images/mbid-ddc0d848-d87e-438d-80bc-d973a9baa668-38812184853_upscayl_4x_high-fi_ELT4nv3.webp", "is_primary": true, "order": 1, "created_at": "2025-05-23T06:29:36.166Z", "image_hash": "fd4c3a769324bb6bfa984d815cdb3c2bfd96447cce999139ce0fcc27d6795bf6"}}, {"model": "shop.productimage", "pk": 36, "fields": {"product": 31, "image": "product_images/mbid-0808d7b6-bec6-4f30-9c50-c42f78c63b85-24268868055.webp", "is_primary": true, "order": 1, "created_at": "2025-05-23T06:34:26.210Z", "image_hash": "07907829e0b45ca07c0d5d183721d407ce312e236210bbbf98df99eb7f7c8ffb"}}, {"model": "shop.productimage", "pk": 38, "fields": {"product": 32, "image": "product_images/cropped_rotated_rotated_rotated_rotated_VacheronConstantin_IZUI26h.jpgh850.webp", "is_primary": true, "order": 1, "created_at": "2025-05-24T04:05:49.835Z", "image_hash": "c60d344ba94c06d674d62739151bc1f7119738dd411de365368a0914a017f03e"}}, {"model": "shop.productimage", "pk": 39, "fields": {"product": 32, "image": "product_images/R-2479841-1574612752-7447.webp", "is_primary": false, "order": 8, "created_at": "2025-05-25T21:00:31.196Z", "image_hash": "127dbeec2558422fbb2dc922d934b3ae1471da0e1087cd334faf1abc531d8f81"}}, {"model": "shop.productimage", "pk": 40, "fields": {"product": 32, "image": "product_images/R-7104359-1442860924-7217_upscayl_4x_digital-art-4x.webp", "is_primary": false, "order": 2, "created_at": "2025-05-25T21:00:31.395Z", "image_hash": "98dc1611c9e07f9e3fe3d7c3c609b8cc69c572fca4d923d4038e94f897f625f8"}}, {"model": "shop.productimage", "pk": 41, "fields": {"product": 32, "image": "product_images/10468-Madmans-Esprit---Conscientization-of-Unconsciousness_upscayl_4x_di_Z6C8qJU.webp", "is_primary": false, "order": 3, "created_at": "2025-05-25T21:00:31.562Z", "image_hash": "0c2fe48f632b8e88a9b97e77de3f015acfa0117459d3fa3e1207b4d4b462bd7d"}}, {"model": "shop.productimage", "pk": 42, "fields": {"product": 32, "image": "product_images/76044-madmans-esprit---conscientization-of-unconsciousness.webp", "is_primary": false, "order": 5, "created_at": "2025-05-25T21:00:31.589Z", "image_hash": "81e462fb0fe1264fd5f184156cb9554ffd32816e84c46d3342a20deae7accf34"}}, {"model": "shop.productimage", "pk": 43, "fields": {"product": 32, "image": "product_images/m47061787638_9.webp", "is_primary": false, "order": 6, "created_at": "2025-05-25T21:00:31.638Z", "image_hash": "f76d495e5b53e334024f5977bdfcfaba088f332eacd5060aeb39ee93b7ba1f24"}}, {"model": "shop.productimage", "pk": 44, "fields": {"product": 32, "image": "product_images/R-7104359-1442860924-7217.webp", "is_primary": false, "order": 4, "created_at": "2025-05-25T21:00:31.672Z", "image_hash": "8560cd59b59dc2dd0e43375d2dafe1e144bb64df02ff86da441952323f9755e6"}}, {"model": "shop.productimage", "pk": 45, "fields": {"product": 32, "image": "product_images/l640408617.2.webp", "is_primary": false, "order": 7, "created_at": "2025-05-25T21:00:31.710Z", "image_hash": "34f9ae29a4a3db9c1d33a61125a04a2ff22a900a0ad9bd1328496ad99c72ce38"}}]